{
  "validation": {
    "mse": 0.009821939273523666,
    "mae": 0.0686743862387645,
    "rmse": 0.09910569748265569,
    "pearson_r": 0.9144156673126542,
    "pearson_p": 5.932105746687494e-34,
    "spearman_r": 0.8591129332573247,
    "spearman_p": 1.4226413337675147e-25,
    "pred_mean": 0.26579579903448153,
    "pred_std": 0.22800387109655337,
    "true_mean": 0.2693043154761905,
    "true_std": 0.24443575007968157
  },
  "test": {
    "mse": 0.009708824032892508,
    "mae": 0.07346160788037862,
    "rmse": 0.09853336507443815,
    "pearson_r": 0.9270898531165859,
    "pearson_p": 3.997324966620189e-40,
    "spearman_r": 0.8935538943218733,
    "spearman_p": 4.673508551583353e-33,
    "pred_mean": 0.30839971841480285,
    "pred_std": 0.23727414877847808,
    "true_mean": 0.30763926630434785,
    "true_std": 0.26237711184459295
  }
}