{
  "validation": {
    "mse": 0.0003334952310527978,
    "mae": 0.014809233256917001,
    "rmse": 0.01826185179692349,
    "pearson_r": 0.9901505962901473,
    "pearson_p": 1.190059279305041e-72,
    "spearman_r": 0.9575362986783494,
    "spearman_p": 1.3433030092202528e-46,
    "pred_mean": 0.7411449705820241,
    "pred_std": 0.1283908103762962,
    "true_mean": 0.7439251479864949,
    "true_std": 0.12549961385104036
  },
  "test": {
    "mse": 0.0005758559726253851,
    "mae": 0.017085078479532053,
    "rmse": 0.02399699924210077,
    "pearson_r": 0.9874370949860967,
    "pearson_p": 4.120575761531999e-73,
    "spearman_r": 0.9625184542710479,
    "spearman_p": 3.2160903118385226e-52,
    "pred_mean": 0.7260851907715293,
    "pred_std": 0.13998612028631544,
    "true_mean": 0.7298975003059157,
    "true_std": 0.1297394480230005
  }
}