{
  "validation": {
    "mse": 4.598319170056078e-05,
    "mae": 0.004993881982516664,
    "rmse": 0.00678109074563678,
    "pearson_r": 0.8619596408070407,
    "pearson_p": 3.0886427847735485e-08,
    "spearman_r": 0.773325956146703,
    "spearman_p": 5.8230734991294655e-06,
    "pred_mean": 0.006460457197434612,
    "pred_std": 0.00659817473424636,
    "true_mean": 0.0064771521380894695,
    "true_std": 0.011585925455357426
  },
  "test": {
    "mse": 0.00010505261244544315,
    "mae": 0.007110323722937947,
    "rmse": 0.010249517668917067,
    "pearson_r": 0.9384999095114669,
    "pearson_p": 2.1410686107626058e-15,
    "spearman_r": 0.8414844413436051,
    "spearman_p": 1.613905679087703e-09,
    "pred_mean": 0.010427954727576023,
    "pred_std": 0.012354786151740849,
    "true_mean": 0.013336078663891731,
    "true_std": 0.02044922545166828
  }
}