{
  "validation": {
    "mse": 0.01449635615571271,
    "mae": 0.07713640471625303,
    "rmse": 0.12040081459738015,
    "pearson_r": 0.768111883723539,
    "pearson_p": 7.355504346016442e-06,
    "spearman_r": 0.7822479601671962,
    "spearman_p": 3.848323384748829e-06,
    "pred_mean": 0.13843310910533935,
    "pred_std": 0.1462264303727767,
    "true_mean": 0.14901587301587302,
    "true_std": 0.1872687999282203
  },
  "test": {
    "mse": 0.01863697210623102,
    "mae": 0.09132244354157985,
    "rmse": 0.13651729599662826,
    "pearson_r": 0.8466592276831189,
    "pearson_p": 1.94336386178069e-09,
    "spearman_r": 0.8158921902864305,
    "spearman_p": 2.2332098468913902e-08,
    "pred_mean": 0.19922082671625463,
    "pred_std": 0.15094417871848448,
    "true_mean": 0.24147465437788018,
    "true_std": 0.22977789684958946
  }
}